Jameson;Rojas;XKS21BML6RU
Lavinia;Little;BID62GTJ5YA
Jolene;Mullins;JQE70MGX5YX
Vaughan;Medina;FTN26GFQ0HW
Camille;Barry;TDF63CYW1SP
Demetrius;Donaldson;ODY57YGF3IX
Alisa;Coffey;DMG53IHM0GC
Sacha;Hardin;USZ29FWC2OI
Sharon;Norton;OHD31KGX8HY
Hiram;Sanford;KPS24AJQ5HU
Martin;Riley;LMS77UEJ7KE
Kenyon;Delacruz;EQW94RUT1SV
Ivan;Hendricks;XDL81JDH2VW
Kirsten;Riggs;NDL53BUE6MX
Iona;Richards;KDK64IED8CW
Ahmed;Blake;PLP61UEJ8HX
Byron;Bishop;UFF36LUQ7TV
Steel;Rodriguez;PGQ45PZI7FX
Audrey;Payne;AZB28WHH5ZD
Galena;Hopper;FGC58LQH2GS
Yvette;Rojas;UJS18XSY7WP
Paloma;Warren;NMH65BVO6NF
Jaquelyn;Crosby;PZY31NFD3KG
Ariana;Whitehead;GMR44HXR6PJ
Nelle;Ingram;ZON34EPJ2YB
Uriah;Hart;HTC44KTY2OA
Summer;Morin;VRL02UWH3DC
Aline;Parks;RVB39SBP4OI
Cassady;Dean;GKB55MJR4VP
Holmes;Klein;TWS76FMM2KO
Bethany;Davidson;HLB26KDE6DK
Ivor;Powers;XFA68RAC7EW
Aurelia;Mcmahon;KHE89OQT8AZ
Jade;Ferguson;BJQ36DLU6TN
Sade;Russo;KBF73VYO8JH
Hanae;Walsh;IMH00FFU5NK
Hanna;Peters;CMF39CZC8WD
Xyla;Hodge;PBS32XFV7AT
Louis;Whitney;YMF48VUW8OG
Chase;Morse;NTX30NJY8YM
Howard;Norris;YGF60PDJ3LD
Lareina;Porter;UJR70MRW7NF
Garrett;Henson;NIL52WGG7VA
Holly;Miles;KMZ03MDS4HS
Erasmus;Parsons;XRE85FLP8LH
Hanna;Mcneil;VKB76PVD2EH
Marshall;Hernandez;XLF60KXD3LV
Petra;Pratt;YCU88XTJ4IM
Sara;Mccall;RHB76ZEL8CU
Cain;Parker;QGP10GHG3PC